[
{
  "pk": 1, 
  "model": "atados_core.cause", 
  "fields": {
    "name": "Capacita\u00e7\u00e3o Profissional"
  }
},
{
  "pk": 2, 
  "model": "atados_core.cause", 
  "fields": {
    "name": "Combate \u00e0 Pobreza"
  }
},
{
  "pk": 3, 
  "model": "atados_core.cause", 
  "fields": {
    "name": "Consumo Consciente"
  }
},
{
  "pk": 4, 
  "model": "atados_core.cause", 
  "fields": {
    "name": "Crian\u00e7as e Jovens"
  }
},
{
  "pk": 5, 
  "model": "atados_core.cause", 
  "fields": {
    "name": "Cultura e Esporte"
  }
},
{
  "pk": 6, 
  "model": "atados_core.cause", 
  "fields": {
    "name": "Defesa de Direitos"
  }
},
{
  "pk": 7, 
  "model": "atados_core.cause", 
  "fields": {
    "name": "Educa\u00e7\u00e3o"
  }
},
{
  "pk": 8, 
  "model": "atados_core.cause", 
  "fields": {
    "name": "Idosos"
  }
},
{
  "pk": 9, 
  "model": "atados_core.cause", 
  "fields": {
    "name": "Meio Ambiente"
  }
},
{
  "pk": 10, 
  "model": "atados_core.cause", 
  "fields": {
    "name": "Participa\u00e7\u00e3o Cidad\u00e3"
  }
},
{
  "pk": 11, 
  "model": "atados_core.cause", 
  "fields": {
    "name": "Prote\u00e7\u00e3o Animal"
  }
},
{
  "pk": 12, 
  "model": "atados_core.cause", 
  "fields": {
    "name": "Sa\u00fade"
  }
},
{
  "pk": 1, 
  "model": "atados_core.skill", 
  "fields": {
    "name": "Artes / Artesanato"
  }
},
{
  "pk": 2, 
  "model": "atados_core.skill", 
  "fields": {
    "name": "Comunica\u00e7\u00e3o"
  }
},
{
  "pk": 3, 
  "model": "atados_core.skill", 
  "fields": {
    "name": "Dan\u00e7a / M\u00fasica"
  }
},
{
  "pk": 4, 
  "model": "atados_core.skill", 
  "fields": {
    "name": "Direito"
  }
},
{
  "pk": 5, 
  "model": "atados_core.skill", 
  "fields": {
    "name": "Educa\u00e7\u00e3o"
  }
},
{
  "pk": 6, 
  "model": "atados_core.skill", 
  "fields": {
    "name": "Esportes"
  }
},
{
  "pk": 7, 
  "model": "atados_core.skill", 
  "fields": {
    "name": "Gastronomia"
  }
},
{
  "pk": 8, 
  "model": "atados_core.skill", 
  "fields": {
    "name": "Gest\u00e3o"
  }
},
{
  "pk": 9, 
  "model": "atados_core.skill", 
  "fields": {
    "name": "Idiomas"
  }
},
{
  "pk": 10, 
  "model": "atados_core.skill", 
  "fields": {
    "name": "Inform\u00e1tica / Eletr\u00f4nicos"
  }
},
{
  "pk": 11, 
  "model": "atados_core.skill", 
  "fields": {
    "name": "Sa\u00fade / Psicologia"
  }
},
{
  "pk": 12, 
  "model": "atados_core.skill", 
  "fields": {
    "name": "Outros"
  }
},
{
  "pk": 1, 
  "model": "atados_core.state", 
  "fields": {
    "code": "SP", 
    "name": "S\u00e3o Paulo"
  }
},
{
  "pk": 2, 
  "model": "atados_core.state", 
  "fields": {
    "code": "PR", 
    "name": "Paran\u00e1"
  }
},
{
  "pk": 3, 
  "model": "atados_core.state", 
  "fields": {
    "code": "AC", 
    "name": "Acre"
  }
},
{
  "pk": 4, 
  "model": "atados_core.state", 
  "fields": {
    "code": "AL", 
    "name": "Alagoas"
  }
},
{
  "pk": 5, 
  "model": "atados_core.state", 
  "fields": {
    "code": "AP", 
    "name": "Amap\u00e1"
  }
},
{
  "pk": 6, 
  "model": "atados_core.state", 
  "fields": {
    "code": "AM", 
    "name": "Amazonas"
  }
},
{
  "pk": 7, 
  "model": "atados_core.state", 
  "fields": {
    "code": "BA", 
    "name": "Bahia"
  }
},
{
  "pk": 8, 
  "model": "atados_core.state", 
  "fields": {
    "code": "CE", 
    "name": "Cear\u00e1"
  }
},
{
  "pk": 9, 
  "model": "atados_core.state", 
  "fields": {
    "code": "DF", 
    "name": "Distrito Federal"
  }
},
{
  "pk": 10, 
  "model": "atados_core.state", 
  "fields": {
    "code": "ES", 
    "name": "Esp\u00edrito Santo"
  }
},
{
  "pk": 11, 
  "model": "atados_core.state", 
  "fields": {
    "code": "GO", 
    "name": "Goi\u00e1s"
  }
},
{
  "pk": 12, 
  "model": "atados_core.state", 
  "fields": {
    "code": "MA", 
    "name": "Maranh\u00e3o"
  }
},
{
  "pk": 13, 
  "model": "atados_core.state", 
  "fields": {
    "code": "MT", 
    "name": "Mato Grosso"
  }
},
{
  "pk": 14, 
  "model": "atados_core.state", 
  "fields": {
    "code": "MS", 
    "name": "Mato Grosso do Sul"
  }
},
{
  "pk": 15, 
  "model": "atados_core.state", 
  "fields": {
    "code": "MG", 
    "name": "Minas Gerais"
  }
},
{
  "pk": 16, 
  "model": "atados_core.state", 
  "fields": {
    "code": "PA", 
    "name": "Par\u00e1"
  }
},
{
  "pk": 17, 
  "model": "atados_core.state", 
  "fields": {
    "code": "PB", 
    "name": "Para\u00edba"
  }
},
{
  "pk": 18, 
  "model": "atados_core.state", 
  "fields": {
    "code": "PE", 
    "name": "Pernambuco"
  }
},
{
  "pk": 19, 
  "model": "atados_core.state", 
  "fields": {
    "code": "PI", 
    "name": "Piau\u00ed"
  }
},
{
  "pk": 20, 
  "model": "atados_core.state", 
  "fields": {
    "code": "RJ", 
    "name": "Rio de Janeiro"
  }
},
{
  "pk": 21, 
  "model": "atados_core.state", 
  "fields": {
    "code": "RN", 
    "name": "Rio Grande do Norte"
  }
},
{
  "pk": 22, 
  "model": "atados_core.state", 
  "fields": {
    "code": "RS", 
    "name": "Rio Grande do Sul"
  }
},
{
  "pk": 23, 
  "model": "atados_core.state", 
  "fields": {
    "code": "RO", 
    "name": "Rond\u00f4nia"
  }
},
{
  "pk": 24, 
  "model": "atados_core.state", 
  "fields": {
    "code": "RR", 
    "name": "Roraima"
  }
},
{
  "pk": 25, 
  "model": "atados_core.state", 
  "fields": {
    "code": "SC", 
    "name": "Santa Catarina"
  }
},
{
  "pk": 26, 
  "model": "atados_core.state", 
  "fields": {
    "code": "SE", 
    "name": "Sergipe"
  }
},
{
  "pk": 27, 
  "model": "atados_core.state", 
  "fields": {
    "code": "TO", 
    "name": "Tocantins"
  }
},
{
  "pk": 0,
  "model": "atados_core.city", 
  "fields": {
    "state": 1, 
    "name": "Trabalho a Distancia",
    "active": 1
  }
},
{
  "pk": 1, 
  "model": "atados_core.city", 
  "fields": {
    "state": 1, 
    "name": "S\u00e3o Paulo",
    "active": 1
  }
},
{
  "pk": 2, 
  "model": "atados_core.city", 
  "fields": {
    "state": 2, 
    "name": "Curitiba",
    "active": 1
  }
},
{
  "pk": 3, 
  "model": "atados_core.city", 
  "fields": {
    "state": 9, 
    "name": "Bras\u00edlia",
    "active": 1
  }
},
{
  "pk": 4, 
  "model": "atados_core.city", 
  "fields": {
    "state": 3, 
    "name": "Feij\u00f3"
  }
},
{
  "pk": 5, 
  "model": "atados_core.city", 
  "fields": {
    "state": 1, 
    "name": "Bom Retiro"
  }
},
{
  "pk": 6, 
  "model": "atados_core.city", 
  "fields": {
    "state": 1, 
    "name": "S\u00e3o Caetano do Sul"
  }
},
{
  "pk": 7, 
  "model": "atados_core.city", 
  "fields": {
    "state": 25, 
    "name": "Florian\u00f3polis"
  }
},
{
  "pk": 8, 
  "model": "atados_core.city", 
  "fields": {
    "state": 15, 
    "name": "Ouro Fino"
  }
},
{
  "pk": 9, 
  "model": "atados_core.city", 
  "fields": {
    "state": 1, 
    "name": "S\u00e3o Paulo e Atibaia"
  }
},
{
  "pk": 10, 
  "model": "atados_core.city", 
  "fields": {
    "state": 1, 
    "name": "S\u00e3o Bernardo do Campo"
  }
},
{
  "pk": 11, 
  "model": "atados_core.city", 
  "fields": {
    "state": 15, 
    "name": "Jaboticatubas"
  }
},
{
  "pk": 12, 
  "model": "atados_core.city", 
  "fields": {
    "state": 1, 
    "name": "Suzano"
  }
},
{
  "pk": 13, 
  "model": "atados_core.city", 
  "fields": {
    "state": 1, 
    "name": "Valinhos"
  }
},
{
  "pk": 14, 
  "model": "atados_core.city", 
  "fields": {
    "state": 1, 
    "name": "Santa Rita do Passa Quatro"
  }
},
{
  "pk": 15, 
  "model": "atados_core.city", 
  "fields": {
    "state": 1, 
    "name": "Barueri"
  }
},
{
  "pk": 16, 
  "model": "atados_core.city", 
  "fields": {
    "state": 10, 
    "name": "Vit\u00f3ria"
  }
},
{
  "pk": 17, 
  "model": "atados_core.city", 
  "fields": {
    "state": 1, 
    "name": "Cajamar"
  }
},
{
  "pk": 18, 
  "model": "atados_core.city", 
  "fields": {
    "state": 22, 
    "name": "Porto Alegre"
  }
},
{
  "pk": 19, 
  "model": "atados_core.city", 
  "fields": {
    "state": 20, 
    "name": "Niter\u00f3i"
  }
},
{
  "pk": 20, 
  "model": "atados_core.city", 
  "fields": {
    "state": 1, 
    "name": "Guarulhos"
  }
},
{
  "pk": 21, 
  "model": "atados_core.city", 
  "fields": {
    "state": 1, 
    "name": "Osasco"
  }
},
{
  "pk": 22, 
  "model": "atados_core.city", 
  "fields": {
    "state": 15, 
    "name": "Belo Horizonte"
  }
},
{
  "pk": 23, 
  "model": "atados_core.city", 
  "fields": {
    "state": 20, 
    "name": "Rio de Janeiro"
  }
},
{
  "pk": 24, 
  "model": "atados_core.city", 
  "fields": {
    "state": 20, 
    "name": "S\u00e3o Crist\u00f3v\u00e3o"
  }
},
{
  "pk": 25, 
  "model": "atados_core.city", 
  "fields": {
    "state": 1, 
    "name": "Ribeir\u00e3o Bonito"
  }
},
{
  "pk": 26, 
  "model": "atados_core.city", 
  "fields": {
    "state": 1, 
    "name": "Embu das Artes"
  }
},
{
  "pk": 27, 
  "model": "atados_core.city", 
  "fields": {
    "state": 18, 
    "name": "Ipojuca"
  }
},
{
  "pk": 28, 
  "model": "atados_core.city", 
  "fields": {
    "state": 7, 
    "name": "Salvador"
  }
},
{
  "pk": 29, 
  "model": "atados_core.city", 
  "fields": {
    "state": 1, 
    "name": "Itu"
  }
},
{
  "pk": 30, 
  "model": "atados_core.city", 
  "fields": {
    "state": 1, 
    "name": "S\u00e3o Jo\u00e3o da Boa Vista"
  }
},
{
  "pk": 31, 
  "model": "atados_core.city", 
  "fields": {
    "state": 1, 
    "name": "RIBEIR\u00c3O PRETO"
  }
},
{
  "pk": 32, 
  "model": "atados_core.city", 
  "fields": {
    "state": 8, 
    "name": "Quixad\u00e1"
  }
},
{
  "pk": 33, 
  "model": "atados_core.city", 
  "fields": {
    "state": 9, 
    "name": "\u00c1guas Claras"
  }
},
{
  "pk": 34, 
  "model": "atados_core.city", 
  "fields": {
    "state": 11, 
    "name": "Luzi\u00e2nia"
  }
},
{
  "pk": 35, 
  "model": "atados_core.city", 
  "fields": {
    "state": 15, 
    "name": "Juiz de Fora"
  }
},
{
  "pk": 36, 
  "model": "atados_core.city", 
  "fields": {
    "state": 2, 
    "name": "Curitiba"
  }
},
{
  "pk": 37, 
  "model": "atados_core.city", 
  "fields": {
    "state": 1, 
    "name": "Santo Andre"
  }
},
{
  "pk": 38, 
  "model": "atados_core.city", 
  "fields": {
    "state": 1, 
    "name": "Carapicuiba"
  }
},
{
  "pk": 39, 
  "model": "atados_core.city", 
  "fields": {
    "state": 9, 
    "name": "Gama"
  }
},
{
  "pk": 40, 
  "model": "atados_core.city", 
  "fields": {
    "state": 9, 
    "name": "S\u00e3o Sebasti\u00e3o"
  }
},
{
  "pk": 41, 
  "model": "atados_core.city", 
  "fields": {
    "state": 9, 
    "name": "Cruzeiro Velho - Bras\u00edlia"
  }
},
{
  "pk": 42, 
  "model": "atados_core.city", 
  "fields": {
    "state": 9, 
    "name": "Ceil\u00e2ndia  Sul "
  }
},
{
  "pk": 43, 
  "model": "atados_core.city", 
  "fields": {
    "state": 15, 
    "name": "Sete Lagoas "
  }
},
{
  "pk": 44, 
  "model": "atados_core.city", 
  "fields": {
    "state": 1, 
    "name": "Tabo\u00e3o da Serra"
  }
},
{
  "pk": 1, 
  "model": "atados_core.suburb", 
  "fields": {
    "city": 1, 
    "name": "Zona Leste"
  }
},
{
  "pk": 2, 
  "model": "atados_core.suburb", 
  "fields": {
    "city": 1, 
    "name": "Zona Oeste"
  }
},
{
  "pk": 3, 
  "model": "atados_core.suburb", 
  "fields": {
    "city": 1, 
    "name": "Zona Sul"
  }
},
{
  "pk": 4, 
  "model": "atados_core.suburb", 
  "fields": {
    "city": 1, 
    "name": "Zona Norte"
  }
},
{
  "pk": 5, 
  "model": "atados_core.suburb", 
  "fields": {
    "city": 1, 
    "name": "Centro"
  }
}
]
